dmr_id,chrom,start,end,length,n_cpgs,direction,mean_diff,mean_pvalue,min_pvalue,lean_mean,siscowet_mean
DMR_1,NC_052307.1,72942650,72942716,66,3,hyper_siscowet,17.582941666666667,0.02857142857142857,0.02857142857142857,52.403150000000004,69.98609166666667
DMR_2,NC_052308.1,72362697,72363096,399,13,hyper_siscowet,18.130153846153846,0.028571428571428574,0.02857142857142857,63.03356346153846,81.16371730769232
DMR_3,NC_052308.1,78971079,78971451,372,5,hyper_siscowet,66.30259299999999,0.04974599072150299,0.04974599072150299,15.770962,82.073555
DMR_4,NC_052309.1,97923272,97923394,122,3,hyper_siscowet,16.513172222222227,0.04974599072150299,0.04974599072150299,78.3903111111111,94.90348333333334
DMR_5,NC_052312.1,36566291,36566807,516,19,hyper_siscowet,38.24025131578947,0.04748044225562239,0.04359664488554136,58.49467894736841,96.73493026315789
DMR_6,NC_052313.1,4374494,4374814,320,5,hyper_siscowet,17.491795000000003,0.02857142857142857,0.02857142857142857,55.06330499999999,72.5551
DMR_7,NC_052313.1,18549740,18550074,334,5,hyper_siscowet,22.925895000000004,0.033440214941207344,0.029401048190339642,72.56624500000001,95.49213999999999
DMR_8,NC_052313.1,60038615,60038736,121,4,hypo_siscowet,-34.520670833333334,0.04974599072150299,0.04974599072150299,67.45313333333334,32.9324625
DMR_9,NC_052314.1,189932,190464,532,12,hyper_siscowet,22.801027430555553,0.03265427432473607,0.02857142857142857,32.438648819444445,55.23967625
DMR_10,NC_052314.1,1013880,1014166,286,4,hypo_siscowet,-17.706587499999998,0.028778833476156337,0.02857142857142857,37.433156249999996,19.72656875
DMR_11,NC_052314.1,41355014,41355101,87,4,hypo_siscowet,-17.4187375,0.02857142857142857,0.02857142857142857,81.22865625,63.80991875
DMR_12,NC_052315.1,361135,361204,69,3,hypo_siscowet,-17.116049999999998,0.02857142857142857,0.02857142857142857,50.639466666666664,33.52341666666667
DMR_13,NC_052315.1,12074259,12074280,21,3,hypo_siscowet,-22.200866666666666,0.035906155827757066,0.02857142857142857,94.88095,72.68008333333334
DMR_14,NC_052324.1,37597725,37597878,153,3,hypo_siscowet,-20.90975,0.02857142857142857,0.02857142857142857,39.880449999999996,18.970700000000004
DMR_15,NC_052326.1,2832234,2832352,118,3,hypo_siscowet,-26.62060750000001,0.04974599072150299,0.04974599072150299,88.95653333333333,62.33592583333333
DMR_16,NC_052335.1,25694473,25694679,206,3,hyper_siscowet,21.875269444444445,0.04974599072150299,0.04974599072150299,35.137988888888884,57.01325833333333
DMR_17,NC_052341.1,4526455,4526956,501,6,hypo_siscowet,-44.535310833333334,0.04940134279058947,0.04767810313602185,57.991516666666655,13.456205833333335
DMR_18,NC_052343.1,27242658,27242906,248,8,hyper_siscowet,32.765710625,0.04359664488554136,0.04359664488554136,0.0,32.765710625
DMR_19,NC_052343.1,28911863,28911945,82,4,hypo_siscowet,-16.900895833333333,0.04513398134453177,0.04359664488554136,99.40475833333333,82.5038625
DMR_20,NC_052345.1,2143493,2143535,42,3,hypo_siscowet,-50.762501388888886,0.04974599072150299,0.04974599072150299,60.33275555555556,9.570254166666667
DMR_21,NC_052345.1,3790780,3791331,551,7,hyper_siscowet,28.7679780952381,0.0347398205598657,0.02857142857142857,19.983671904761906,48.751650000000005
DMR_22,NC_052345.1,3964673,3964756,83,4,hypo_siscowet,-20.936137499999994,0.028986238380884106,0.02857142857142857,92.17726250000001,71.241125
DMR_23,NC_052345.1,3968440,3968654,214,10,hypo_siscowet,-23.552974999999996,0.03041567765324047,0.026518721959430728,95.298745,71.74577000000001
DMR_24,NC_052345.1,4049178,4049420,242,4,hypo_siscowet,-16.55289125,0.03775392482759006,0.03191120476963876,17.337204999999997,0.7843137499999999
DMR_25,NC_052345.1,4049711,4050691,980,26,hypo_siscowet,-20.85920076923077,0.03952786105967947,0.030065283228311607,21.964022307692307,1.1048215384615383
DMR_26,NC_052345.1,7716228,7716400,172,3,hypo_siscowet,-19.09506666666667,0.03306975644987932,0.02857142857142857,70.72665833333333,51.63159166666667
DMR_27,NC_052346.1,17726103,17726185,82,3,hypo_siscowet,-17.627591666666678,0.045646426830861904,0.04359664488554136,99.47090000000001,81.84330833333333
DMR_28,NC_052346.1,20945475,20945563,88,3,hypo_siscowet,-17.505365833333332,0.028847968444398926,0.02857142857142857,25.317641666666663,7.8122758333333335
DMR_29,NC_052346.1,20947008,20947375,367,6,hypo_siscowet,-25.989662499999998,0.02857142857142857,0.02857142857142857,63.561658333333334,37.57199583333334
DMR_30,NC_052347.1,18150575,18150722,147,3,hypo_siscowet,-17.20521111111111,0.042275047349288164,0.029401048190339642,97.6992111111111,80.49400000000001
DMR_31,NW_024057674.1,410501,410618,117,6,hypo_siscowet,-20.841033333333336,0.02857142857142857,0.02857142857142857,87.45117083333334,66.6101375
DMR_32,NW_024057674.1,488637,489301,664,6,hyper_siscowet,33.09772027777778,0.04974599072150299,0.04974599072150299,35.36028388888889,68.45800416666667
DMR_33,NW_024057674.1,648653,648680,27,4,hypo_siscowet,-20.15293125,0.02857142857142857,0.02857142857142857,57.932925,37.77999375
DMR_34,NW_024057705.1,43130,43200,70,4,hypo_siscowet,-21.632337500000002,0.048208654262512585,0.04359664488554136,98.610175,76.97783749999999
DMR_35,NW_024057744.1,74083,74186,103,3,hypo_siscowet,-17.807483333333334,0.02857142857142857,0.02857142857142857,69.77680833333334,51.969325
DMR_36,NW_024057744.1,75311,75378,67,3,hypo_siscowet,-15.364433333333343,0.02857142857142857,0.02857142857142857,70.552075,55.18764166666667
DMR_37,NW_024057744.1,76503,76570,67,3,hypo_siscowet,-18.931575000000002,0.02857142857142857,0.02857142857142857,74.82903333333333,55.897458333333326
DMR_38,NW_024057793.1,16506,18707,2201,46,hypo_siscowet,-26.02605396739131,0.028571428571428557,0.02857142857142857,48.524149456521734,22.49809548913043
DMR_39,NW_024057793.1,20165,20293,128,10,hypo_siscowet,-20.520412500000003,0.02857142857142857,0.02857142857142857,55.35058,34.8301675
DMR_40,NW_024057793.1,44525,44542,17,3,hypo_siscowet,-17.637858333333337,0.02857142857142857,0.02857142857142857,88.13291666666667,70.49505833333333
DMR_41,NW_024057793.1,76027,76251,224,7,hypo_siscowet,-26.95416428571429,0.028571428571428574,0.02857142857142857,59.70252142857144,32.748357142857145
DMR_42,NW_024057793.1,77557,77635,78,7,hypo_siscowet,-23.44821,0.028571428571428574,0.02857142857142857,52.89680357142857,29.44859357142857
DMR_43,NW_024057893.1,49429,49694,265,6,hypo_siscowet,-25.632387500000004,0.02857142857142857,0.02857142857142857,69.55301250000001,43.920625
DMR_44,NW_024057893.1,50124,50447,323,8,hypo_siscowet,-27.9638946875,0.02857142857142857,0.02857142857142857,56.07653125,28.1126365625
DMR_45,NW_024057953.1,98257,98578,321,4,hypo_siscowet,-33.637135416666666,0.044452350183984385,0.02857142857142857,66.77787083333332,33.14073541666667
DMR_46,NW_024057974.1,18289,18489,200,4,hypo_siscowet,-22.3103325,0.04528729423353693,0.03191120476963876,25.017537500000003,2.707205
DMR_47,NW_024057997.1,179664,179721,57,4,hypo_siscowet,-16.500931250000004,0.028986238380884106,0.02857142857142857,57.351037500000004,40.850106249999996
DMR_48,NW_024057997.1,312959,313007,48,3,hypo_siscowet,-20.994799999999998,0.04359664488554136,0.04359664488554136,100.0,79.0052
DMR_49,NW_024057997.1,317462,317850,388,6,hypo_siscowet,-32.745302083333335,0.028709698507913748,0.02857142857142857,58.6956375,25.95033541666667
DMR_50,NW_024057997.1,346676,347030,354,7,hypo_siscowet,-18.411255714285712,0.030617800464894766,0.02857142857142857,35.21116071428572,16.799905
DMR_51,NW_024057997.1,347520,347642,122,3,hypo_siscowet,-22.418008333333333,0.028847968444398926,0.02857142857142857,83.50686666666667,61.08885833333333
DMR_52,NW_024058024.1,35908,39502,3594,49,hypo_siscowet,-27.99359030612245,0.028605290596690244,0.02857142857142857,63.937086224489796,35.94349591836735
DMR_53,NW_024058024.1,39819,40184,365,4,hypo_siscowet,-29.069229166666666,0.033865069108947175,0.02857142857142857,60.990147916666665,31.92091875
DMR_54,NW_024058024.1,41020,41402,382,3,hypo_siscowet,-20.578888888888887,0.04974599072150299,0.04974599072150299,66.48995555555557,45.91106666666667
DMR_55,NW_024058031.1,62695,63412,717,13,hypo_siscowet,-20.344038461538464,0.028571428571428574,0.02857142857142857,46.25797115384617,25.913932692307693
DMR_56,NW_024058055.1,21129,21474,345,17,hypo_siscowet,-20.704277941176475,0.028597084585824772,0.026518721959430728,92.14566176470588,71.44138382352942
DMR_57,NW_024058075.1,204857,205072,215,3,hypo_siscowet,-19.45666666666667,0.02857142857142857,0.02857142857142857,85.56188333333334,66.10521666666666
DMR_58,NW_024058119.1,214184,214501,317,14,hypo_siscowet,-48.18956035714286,0.028689945659844444,0.02857142857142857,69.33735178571428,21.147791428571427
DMR_59,NW_024058159.1,21726,21800,74,3,hypo_siscowet,-30.728725,0.028847968444398926,0.02857142857142857,90.36702500000001,59.63830000000001
DMR_60,NW_024058207.1,15701,15734,33,5,hyper_siscowet,16.634145,0.02857142857142857,0.02857142857142857,40.16074,56.794885
DMR_61,NW_024058234.1,8050,8109,59,4,hypo_siscowet,-17.916511874999998,0.02857142857142857,0.02857142857142857,46.207218749999996,28.290706874999998
DMR_62,NW_024058275.1,61264,61344,80,4,hypo_siscowet,-22.617256249999997,0.028778833476156337,0.02857142857142857,69.8621875,47.24493125000001
DMR_63,NW_024058275.1,61622,63075,1453,30,hypo_siscowet,-28.854359166666672,0.02859908255872561,0.02857142857142857,74.36072916666667,45.50637000000001
DMR_64,NW_024058275.1,64022,64406,384,6,hypo_siscowet,-23.533204166666668,0.02857142857142857,0.02857142857142857,44.77273333333333,21.239529166666667
DMR_65,NW_024058286.1,131200,131427,227,6,hypo_siscowet,-23.51159444444444,0.033551124532068,0.030065283228311607,23.73089277777778,0.21929833333333335
DMR_66,NW_024058302.1,5956,6047,91,3,hypo_siscowet,-20.53595833333333,0.02857142857142857,0.02857142857142857,41.5906,21.05464166666667
DMR_67,NW_024058302.1,7247,7439,192,4,hypo_siscowet,-17.070887499999998,0.02857142857142857,0.02857142857142857,40.793331249999994,23.722443750000004
DMR_68,NW_024058302.1,9559,9631,72,3,hypo_siscowet,-18.0801,0.02857142857142857,0.02857142857142857,46.734566666666666,28.654466666666664
DMR_69,NW_024058302.1,10559,11677,1118,22,hypo_siscowet,-19.199130681818186,0.02857142857142857,0.02857142857142857,41.74153863636364,22.54240795454546
DMR_70,NW_024058302.1,12076,12508,432,3,hypo_siscowet,-16.158966666666668,0.02857142857142857,0.02857142857142857,39.359874999999995,23.20090833333333
DMR_71,NW_024058342.1,287276,287898,622,15,hyper_siscowet,33.975916833333336,0.028571428571428574,0.02857142857142857,16.441668166666666,50.417584999999995
DMR_72,NW_024058377.1,6337,6425,88,3,hypo_siscowet,-20.024841666666664,0.02857142857142857,0.02857142857142857,70.07518333333333,50.05034166666667
DMR_73,NW_024058452.1,693080,693326,246,5,hyper_siscowet,21.43557333333333,0.03583718557607833,0.02857142857142857,29.936590000000002,51.37216333333333
DMR_74,NW_024058595.1,7778,7953,175,3,hypo_siscowet,-18.290408333333335,0.028847968444398926,0.02857142857142857,48.884141666666665,30.593733333333333
DMR_75,NW_024058595.1,34219,34387,168,5,hyper_siscowet,21.40403,0.02873735249521079,0.02857142857142857,69.795095,91.19912500000001
DMR_76,NW_024058631.1,39552,40023,471,19,hypo_siscowet,-19.653434210526314,0.02857142857142857,0.02857142857142857,88.18466710526316,68.53123289473685
DMR_77,NW_024058631.1,43229,43250,21,3,hypo_siscowet,-17.11086666666667,0.02857142857142857,0.02857142857142857,83.96987500000002,66.85900833333334
DMR_78,NW_024058631.1,47966,48479,513,27,hypo_siscowet,-19.969187962962966,0.028602155223980835,0.02857142857142857,81.28506388888889,61.31587592592592
DMR_79,NW_024058641.1,65205,65271,66,3,hypo_siscowet,-36.369800000000005,0.03334629632284968,0.02857142857142857,69.30844166666667,32.93864166666666
DMR_80,NW_024058771.1,3775,5966,2191,42,hypo_siscowet,-20.824975238095238,0.028591181419497874,0.02857142857142857,41.65230892857143,20.827333690476188
DMR_81,NW_024058771.1,7758,7880,122,4,hypo_siscowet,-22.46766875,0.02857142857142857,0.02857142857142857,47.077993750000005,24.610325
DMR_82,NW_024058771.1,8399,8646,247,8,hypo_siscowet,-19.988715624999998,0.02857142857142857,0.02857142857142857,45.189499999999995,25.200784374999998
DMR_83,NW_024058771.1,9011,9317,306,7,hypo_siscowet,-19.21002142857143,0.028571428571428574,0.02857142857142857,49.232375,30.02235357142857
DMR_84,NW_024058771.1,42994,43085,91,4,hypo_siscowet,-17.172599374999997,0.02857142857142857,0.02857142857142857,34.5379625,17.365363125000002
DMR_85,NW_024058771.1,43565,43687,122,4,hypo_siscowet,-23.605674999999998,0.02857142857142857,0.02857142857142857,43.0993625,19.4936875
DMR_86,NW_024058771.1,43976,44125,149,3,hypo_siscowet,-20.300133333333335,0.02857142857142857,0.02857142857142857,41.46266666666667,21.162533333333332
DMR_87,NW_024058771.1,44808,44968,160,4,hypo_siscowet,-21.369387499999995,0.02857142857142857,0.02857142857142857,44.068275,22.698887499999998
DMR_88,NW_024058782.1,14331,14422,91,3,hypo_siscowet,-15.348166666666666,0.02857142857142857,0.02857142857142857,41.08368333333333,25.735516666666665
DMR_89,NW_024058782.1,39497,39600,103,3,hypo_siscowet,-17.997383333333335,0.02857142857142857,0.02857142857142857,84.79964166666667,66.80225833333333
DMR_90,NW_024058785.1,201971,202066,95,3,hypo_siscowet,-34.31821111111112,0.04974599072150299,0.04974599072150299,64.15576666666668,29.837555555555554
DMR_91,NW_024058785.1,767429,767466,37,3,hypo_siscowet,-33.0666,0.02857142857142857,0.02857142857142857,64.32918333333333,31.262583333333335
DMR_92,NW_024058785.1,788978,789097,119,5,hypo_siscowet,-23.591371,0.02857142857142857,0.02857142857142857,33.17252499999999,9.581154
DMR_93,NW_024058787.1,219914,220126,212,3,hypo_siscowet,-18.158715833333336,0.04769620877618245,0.04359664488554136,19.753973333333334,1.5952575
DMR_94,NW_024058808.1,3285,3571,286,3,hypo_siscowet,-28.029533333333333,0.03306975644987932,0.02857142857142857,51.47658333333334,23.44705
DMR_95,NW_024058808.1,4489,4640,151,6,hypo_siscowet,-20.001258333333332,0.02857142857142857,0.02857142857142857,86.09045416666667,66.08919583333333
DMR_96,NW_024058808.1,41948,42137,189,8,hypo_siscowet,-17.705103125,0.030258301525847603,0.02857142857142857,91.567825,73.862721875
DMR_97,NW_024058808.1,43760,43843,83,5,hypo_siscowet,-18.207765000000002,0.031521539800749405,0.02857142857142857,95.8529,77.64513500000001
DMR_98,NW_024058826.1,31377,31755,378,9,hypo_siscowet,-20.377141666666674,0.028571428571428567,0.02857142857142857,59.52780277777778,39.15066111111111
DMR_99,NW_024058826.1,32027,32238,211,3,hypo_siscowet,-23.11196666666667,0.02857142857142857,0.02857142857142857,59.97078333333334,36.85881666666666
DMR_100,NW_024058826.1,33607,33958,351,9,hypo_siscowet,-21.653238888888886,0.028663608529085356,0.02857142857142857,57.412,35.75876111111111
DMR_101,NW_024058826.1,34486,36410,1924,40,hypo_siscowet,-24.240876812499998,0.028592169061901346,0.02857142857142857,50.05129375,25.8104169375
DMR_102,NW_024058826.1,36710,37604,894,38,hypo_siscowet,-18.88825039473684,0.028593260666663064,0.02857142857142857,80.23688026315787,61.34862986842105
DMR_103,NW_024058826.1,45154,45167,13,3,hypo_siscowet,-16.15085833333333,0.02857142857142857,0.02857142857142857,91.13790833333333,74.98705
DMR_104,NW_024058840.1,20465,20938,473,10,hypo_siscowet,-23.17482,0.02865439053331968,0.02857142857142857,72.95359499999999,49.77877500000001
DMR_105,NW_024058840.1,21486,21602,116,4,hypo_siscowet,-20.069793749999995,0.02857142857142857,0.02857142857142857,78.40548125000001,58.335687500000006
DMR_106,NW_024058840.1,35598,35858,260,8,hypo_siscowet,-24.089502500000002,0.02877883347615634,0.02857142857142857,53.987465625,29.897963124999997
DMR_107,NW_024058842.1,166384,166492,108,3,hypo_siscowet,-32.5876,0.02857142857142857,0.02857142857142857,57.21093333333334,24.62333333333333
DMR_108,NW_024058907.1,36601,36712,111,4,hypo_siscowet,-15.712375000000002,0.02857142857142857,0.02857142857142857,50.95390625,35.24153125
DMR_109,NW_024058907.1,37270,37408,138,6,hypo_siscowet,-17.046795833333334,0.02857142857142857,0.02857142857142857,57.06164166666667,40.01484583333333
DMR_110,NW_024058907.1,38793,39009,216,4,hypo_siscowet,-15.852568749999998,0.02857142857142857,0.02857142857142857,53.409756249999994,37.5571875
DMR_111,NW_024058907.1,39507,39588,81,5,hypo_siscowet,-18.142985,0.02857142857142857,0.02857142857142857,60.309960000000004,42.166975
DMR_112,NW_024058907.1,40265,40333,68,4,hypo_siscowet,-17.548575,0.02857142857142857,0.02857142857142857,57.624649999999995,40.076075
DMR_113,NW_024058907.1,40957,41120,163,7,hypo_siscowet,-16.800203571428572,0.028571428571428574,0.02857142857142857,58.36920357142857,41.569
DMR_114,NW_024058907.1,41633,41960,327,7,hypo_siscowet,-18.88870714285714,0.028571428571428574,0.02857142857142857,58.230917857142856,39.34221071428572
DMR_115,NW_024058907.1,42458,42539,81,5,hypo_siscowet,-18.394424999999995,0.02857142857142857,0.02857142857142857,60.683460000000004,42.289035
DMR_116,NW_024058907.1,43240,43283,43,3,hypo_siscowet,-18.10815833333334,0.02857142857142857,0.02857142857142857,55.56041666666667,37.45225833333333
DMR_117,NW_024058907.1,43945,44026,81,4,hypo_siscowet,-18.2032,0.02857142857142857,0.02857142857142857,57.9064875,39.7032875
DMR_118,NW_024058936.1,9363,9629,266,6,hypo_siscowet,-26.83384041666666,0.02857142857142857,0.02857142857142857,59.853695833333326,33.019855416666665
DMR_119,NW_024058936.1,10257,10618,361,3,hypo_siscowet,-24.19690277777778,0.03562961595478671,0.02857142857142857,55.51304166666667,31.31613888888889
DMR_120,NW_024058936.1,10901,11902,1001,23,hypo_siscowet,-25.000093478260865,0.02915816699035693,0.02857142857142857,56.36884239130435,31.368748913043472
DMR_121,NW_024058936.1,13020,13589,569,6,hypo_siscowet,-19.509145833333335,0.030820592510653947,0.02857142857142857,69.8261625,50.31701666666667
DMR_122,NW_024058945.1,23231,23372,141,4,hypo_siscowet,-18.90524375,0.02857142857142857,0.02857142857142857,73.650475,54.745231249999996
DMR_123,NW_024058945.1,23739,23942,203,5,hypo_siscowet,-20.254005,0.02857142857142857,0.02857142857142857,63.123025000000005,42.869020000000006
DMR_124,NW_024058945.1,24257,24964,707,17,hypo_siscowet,-22.489813235294115,0.02857142857142857,0.02857142857142857,61.4424,38.95258676470588
DMR_125,NW_024058945.1,27963,28324,361,8,hypo_siscowet,-21.84375875,0.02857142857142857,0.02857142857142857,55.69854375,33.854785
DMR_126,NW_024058962.1,9614,9809,195,5,hyper_siscowet,21.943688666666667,0.046872674870022106,0.04359664488554136,2.612798,24.556486666666665
DMR_127,NW_024058975.1,124576,124753,177,6,hypo_siscowet,-24.398098611111113,0.03462622607530338,0.02857142857142857,80.92084027777777,56.52274166666667
DMR_128,NW_024058975.1,130794,131037,243,3,hypo_siscowet,-16.92754166666666,0.028847968444398926,0.02857142857142857,89.69820833333331,72.77066666666666
DMR_129,NW_024058979.1,10451,10535,84,5,hypo_siscowet,-22.222845,0.02857142857142857,0.02857142857142857,89.415175,67.19233000000001
DMR_130,NW_024058979.1,21218,21440,222,10,hypo_siscowet,-21.032708249999995,0.029920926934963798,0.02857142857142857,51.68229500000001,30.649586749999997
DMR_131,NW_024058979.1,23346,24638,1292,20,hypo_siscowet,-22.533346541666667,0.029630156678932297,0.02857142857142857,46.740907916666664,24.207561375000004
DMR_132,NW_024058979.1,24910,25147,237,5,hypo_siscowet,-20.09431,0.02857142857142857,0.02857142857142857,38.760045,18.665734999999998
DMR_133,NW_024058979.1,26500,27010,510,6,hypo_siscowet,-18.941137500000007,0.02857142857142857,0.02857142857142857,74.37147916666667,55.43034166666666
DMR_134,NW_024058979.1,34109,34388,279,13,hypo_siscowet,-18.69944615384615,0.028571428571428574,0.02857142857142857,89.50323846153847,70.8037923076923
DMR_135,NW_024058979.1,37780,37797,17,3,hypo_siscowet,-16.6741,0.02857142857142857,0.02857142857142857,88.98328333333332,72.30918333333334
DMR_136,NW_024059010.1,33384,33729,345,6,hypo_siscowet,-19.091941666666667,0.02857142857142857,0.02857142857142857,37.905570833333336,18.813629166666665
DMR_137,NW_024059010.1,34645,35246,601,15,hypo_siscowet,-19.340664999999998,0.028626736546022647,0.02857142857142857,38.86043166666666,19.51976666666667
DMR_138,NW_024059023.1,4635,6286,1651,31,hypo_siscowet,-24.507440403225804,0.02859819049461925,0.02857142857142857,51.07711693548387,26.569676532258065
DMR_139,NW_024059023.1,6606,6966,360,9,hypo_siscowet,-32.09628055555556,0.028571428571428567,0.02857142857142857,65.96634444444445,33.87006388888889
DMR_140,NW_024059023.1,7248,9339,2091,41,hypo_siscowet,-26.637319207317073,0.028591663196280055,0.02857142857142857,60.61819207317073,33.98087286585366
DMR_141,NW_024059023.1,30770,30840,70,3,hypo_siscowet,-19.286725,0.03306975644987933,0.02857142857142857,77.00789166666668,57.72116666666667
DMR_142,NW_024059030.1,27447,32453,5006,96,hypo_siscowet,-26.968933958333334,0.028571428571428577,0.02857142857142857,57.39291666666667,30.42398270833333
DMR_143,NW_024059030.1,41204,41212,8,3,hypo_siscowet,-19.59603333333334,0.02857142857142857,0.02857142857142857,90.90976666666667,71.31373333333333
DMR_144,NW_024059094.1,8159,8360,201,4,hypo_siscowet,-26.488548125,0.02857142857142857,0.02857142857142857,49.30979375,22.821245625
DMR_145,NW_024059119.1,523091,523118,27,3,hypo_siscowet,-20.906350000000007,0.03306975644987932,0.02857142857142857,37.32458333333334,16.41823333333333
DMR_146,NW_024059200.1,2564,2581,17,3,hypo_siscowet,-17.53990833333334,0.02857142857142857,0.02857142857142857,85.95030000000001,68.41039166666667
DMR_147,NW_024059200.1,6027,6230,203,4,hypo_siscowet,-16.244537499999993,0.02857142857142857,0.02857142857142857,86.4084125,70.163875
DMR_148,NW_024059200.1,13755,13914,159,7,hypo_siscowet,-26.0215,0.028571428571428574,0.02857142857142857,51.30863214285715,25.287132142857143
DMR_149,NW_024059200.1,14208,14848,640,11,hypo_siscowet,-29.81789090909091,0.028646848536784123,0.02857142857142857,56.12589545454546,26.308004545454548
DMR_150,NW_024059200.1,16226,16338,112,4,hypo_siscowet,-21.214545625,0.02857142857142857,0.02857142857142857,41.5343125,20.319766875
DMR_151,NW_024059200.1,17626,17738,112,5,hypo_siscowet,-20.027870000000004,0.02857142857142857,0.02857142857142857,42.633755,22.605885
DMR_152,NW_024059200.1,20107,20127,20,3,hypo_siscowet,-22.273412499999996,0.02857142857142857,0.02857142857142857,31.74705416666667,9.473641666666667
DMR_153,NW_024059230.1,303779,303913,134,3,hypo_siscowet,-24.906756666666666,0.03334629632284968,0.02857142857142857,47.25221666666666,22.345460000000003
DMR_154,NW_024059230.1,304381,304424,43,3,hypo_siscowet,-25.499307499999997,0.028847968444398926,0.02857142857142857,50.57586666666666,25.07655916666667
DMR_155,NW_024059230.1,359090,359134,44,3,hypo_siscowet,-17.599258333333335,0.024702671351080036,0.021070570134378658,98.94324166666667,81.34398333333333
DMR_156,NW_024059240.1,8068,8140,72,7,hypo_siscowet,-22.73505392857143,0.028571428571428574,0.02857142857142857,49.97923214285714,27.24417821428571
DMR_157,NW_024059240.1,8430,8650,220,6,hypo_siscowet,-24.027337500000005,0.028709698507913748,0.02857142857142857,72.77902916666667,48.75169166666666
DMR_158,NW_024059240.1,9421,9807,386,14,hypo_siscowet,-24.53498714285714,0.028571428571428574,0.02857142857142857,57.52590714285715,32.990919999999996
DMR_159,NW_024059240.1,10879,11238,359,10,hypo_siscowet,-22.449242499999997,0.02857142857142857,0.02857142857142857,52.5647425,30.115500000000004
DMR_160,NW_024059240.1,29874,30091,217,4,hypo_siscowet,-22.551868125,0.02857142857142857,0.02857142857142857,55.0985625,32.546694375
DMR_161,NW_024059240.1,32062,32422,360,11,hypo_siscowet,-27.357612121212124,0.031723205461012816,0.02857142857142857,56.20854772727273,28.850935606060606
DMR_162,NW_024059257.1,1532,1733,201,6,hypo_siscowet,-26.843729166666666,0.028709698507913748,0.02857142857142857,57.153154166666674,30.309425
DMR_163,NW_024059257.1,3568,3652,84,3,hypo_siscowet,-23.416233333333338,0.02857142857142857,0.02857142857142857,48.060624999999995,24.644391666666667
DMR_164,NW_024059257.1,4556,4852,296,6,hypo_siscowet,-23.56052083333334,0.02857142857142857,0.02857142857142857,52.74090416666667,29.180383333333328
DMR_165,NW_024059257.1,5156,5783,627,8,hypo_siscowet,-18.038956250000002,0.02857142857142857,0.02857142857142857,40.995493749999994,22.9565375
DMR_166,NW_024059257.1,6340,6738,398,6,hypo_siscowet,-17.66575,0.02857142857142857,0.02857142857142857,74.33870833333333,56.67295833333333
DMR_167,NW_024059257.1,15001,15399,398,10,hypo_siscowet,-19.536324999999998,0.02857142857142857,0.02857142857142857,86.5736275,67.03730250000001
DMR_168,NW_024059257.1,26146,26505,359,11,hypo_siscowet,-20.233605681818183,0.02872226850213968,0.02857142857142857,63.94038863636363,43.70678295454545
DMR_169,NW_024059257.1,26795,27528,733,9,hypo_siscowet,-20.146950000000004,0.030070871197578824,0.02857142857142857,60.446288888888894,40.29933888888888
DMR_170,NW_024059257.1,28046,29684,1638,33,hypo_siscowet,-25.025330227272725,0.028646848536784123,0.02857142857142857,53.23652803030302,28.211197803030302
DMR_171,NW_024059257.1,31742,31864,122,4,hypo_siscowet,-17.7381375,0.02857142857142857,0.02857142857142857,45.645075000000006,27.906937499999998
DMR_172,NW_024059262.1,26428,29228,2800,64,hypo_siscowet,-31.254203984375003,0.028571428571428574,0.02857142857142857,67.98297148437501,36.728767500000004
DMR_173,NW_024059262.1,29593,29665,72,3,hypo_siscowet,-30.923191666666664,0.02857142857142857,0.02857142857142857,67.78074166666667,36.857549999999996
DMR_174,NW_024059262.1,30805,30916,111,4,hypo_siscowet,-24.759931249999998,0.02857142857142857,0.02857142857142857,71.0618125,46.301881249999994
DMR_175,NW_024059262.1,31206,31280,74,8,hypo_siscowet,-30.275097500000005,0.02857142857142857,0.02857142857142857,59.151584375,28.876486874999998
DMR_176,NW_024059323.1,3212,4213,1001,18,hypo_siscowet,-25.859345833333332,0.029413329842160482,0.02857142857142857,63.334679166666675,37.47533333333333
DMR_177,NW_024059323.1,13874,13909,35,3,hypo_siscowet,-18.380866666666662,0.02857142857142857,0.02857142857142857,93.11498333333334,74.73411666666668
DMR_178,NW_024059385.1,6239,6354,115,8,hypo_siscowet,-29.9345640625,0.028675131023792454,0.02857142857142857,61.774446875,31.8398828125
DMR_179,NW_024059385.1,7676,9223,1547,31,hypo_siscowet,-23.601318521505377,0.029268548390615982,0.026518721959430728,52.8968508064516,29.295532284946237
DMR_180,NW_024059385.1,9542,9767,225,3,hypo_siscowet,-27.999458333333333,0.03562961595478671,0.02857142857142857,53.3801,25.380641666666666
DMR_181,NW_024059406.1,27178,27500,322,9,hypo_siscowet,-18.4760425,0.028663608529085356,0.02857142857142857,35.73639166666666,17.260349166666668
DMR_182,NW_024059407.1,2008,2086,78,3,hypo_siscowet,-17.125941666666655,0.028847968444398926,0.02857142857142857,81.60345,64.47750833333333
DMR_183,NW_024059411.1,15735,15824,89,3,hypo_siscowet,-16.3274,0.02857142857142857,0.02857142857142857,59.38815833333333,43.06075833333333
DMR_184,NW_024059442.1,1612,1654,42,5,hypo_siscowet,-18.559244999999997,0.02857142857142857,0.02857142857142857,84.44847,65.88922499999998
DMR_185,NW_024059442.1,5075,5303,228,5,hypo_siscowet,-17.44397,0.02857142857142857,0.02857142857142857,84.303395,66.859425
DMR_186,NW_024059442.1,13587,14268,681,13,hypo_siscowet,-19.964986538461535,0.02869906235895335,0.02857142857142857,65.20790192307692,45.24291538461539
DMR_187,NW_024059442.1,14633,15105,472,15,hypo_siscowet,-25.13701833333333,0.028682044520616717,0.02857142857142857,70.57794333333335,45.440925
DMR_188,NW_024059442.1,15377,15890,513,16,hypo_siscowet,-25.778701562500004,0.029518567501001968,0.02857142857142857,76.56011562500001,50.781414062500005
DMR_189,NW_024059442.1,16221,16320,99,3,hypo_siscowet,-21.98873333333333,0.02857142857142857,0.02857142857142857,88.29624166666666,66.30750833333333
DMR_190,NW_024059513.1,23672,24039,367,7,hypo_siscowet,-36.14490357142858,0.028571428571428574,0.02857142857142857,67.425025,31.280121428571427
DMR_191,NW_024059519.1,23602,23818,216,3,hypo_siscowet,-23.36953083333333,0.03585885830354638,0.028429535998796527,37.511491666666664,14.141960833333334
DMR_192,NW_024059542.1,8361,8702,341,8,hypo_siscowet,-22.2054625,0.02857142857142857,0.02857142857142857,46.376953125,24.171490625
DMR_193,NW_024059542.1,8980,9781,801,20,hypo_siscowet,-25.028396249999997,0.029287658734141735,0.02857142857142857,56.991463749999994,31.96306750000001
DMR_194,NW_024059542.1,10101,10822,721,12,hypo_siscowet,-27.88961041666667,0.028709698507913748,0.02857142857142857,61.2994625,33.40985208333333
DMR_195,NW_024059542.1,11667,11781,114,4,hypo_siscowet,-32.53960625,0.02857142857142857,0.02857142857142857,71.52901875,38.9894125
DMR_196,NW_024059568.1,6979,7053,74,8,hypo_siscowet,-21.80300625,0.02857142857142857,0.02857142857142857,53.665190625,31.862184375000002
DMR_197,NW_024059568.1,7977,8206,229,6,hypo_siscowet,-18.425204166666663,0.02857142857142857,0.02857142857142857,55.366458333333334,36.94125416666667
DMR_198,NW_024059568.1,8552,13487,4935,106,hypo_siscowet,-25.100115589622643,0.028571428571428574,0.02857142857142857,52.66297570754717,27.56286011792453
DMR_199,NW_024059570.1,4199,4331,132,3,hypo_siscowet,-26.225692499999997,0.04974599072150299,0.04974599072150299,46.6742925,20.4486
DMR_200,NW_024059636.1,12137,12930,793,41,hypo_siscowet,-22.18124896341463,0.028571428571428567,0.02857142857142857,81.53440182926829,59.35315286585366
DMR_201,NW_024059636.1,13220,17971,4751,98,hypo_siscowet,-25.356009685374147,0.028795961038459033,0.02857142857142857,47.04516267006802,21.689152984693877
DMR_202,NW_024059641.1,123292,123828,536,6,hypo_siscowet,-32.94606263888889,0.032377062136078,0.02857142857142857,60.220218055555556,27.27415541666667
DMR_203,NW_024059641.1,136581,136796,215,4,hypo_siscowet,-25.281480625,0.0321525793849944,0.02857142857142857,46.306656249999996,21.025175625000003
DMR_204,NW_024059702.1,4789,5138,349,7,hypo_siscowet,-21.301519642857148,0.028571428571428574,0.02857142857142857,37.62251785714285,16.320998214285716
DMR_205,NW_024059740.1,4102,4988,886,16,hypo_siscowet,-27.708510625,0.029414865048638085,0.02857142857142857,64.99090312499999,37.2823925
DMR_206,NW_024059740.1,5348,5782,434,12,hypo_siscowet,-23.276023958333337,0.02864056353967116,0.02857142857142857,44.17735000000001,20.901326041666668
DMR_207,NW_024059740.1,22673,22995,322,5,hypo_siscowet,-23.036719999999995,0.03280634100144346,0.02857142857142857,55.01709999999999,31.980380000000004
DMR_208,NW_024059740.1,25771,25845,74,7,hypo_siscowet,-25.285057142857138,0.028571428571428574,0.02857142857142857,55.496764285714285,30.21170714285714
DMR_209,NW_024059745.1,24215,24575,360,5,hypo_siscowet,-20.631504999999997,0.028903276418993002,0.02857142857142857,51.89236,31.260855
DMR_210,NW_024059745.1,26290,27328,1038,13,hypo_siscowet,-22.065416025641028,0.03345786599067651,0.02857142857142857,51.07175448717949,29.006338461538466
DMR_211,NW_024059814.1,21743,21771,28,4,hypo_siscowet,-20.690743125000004,0.02857142857142857,0.02857142857142857,47.440762500000005,26.750019374999994
DMR_212,NW_024059827.1,3834,3908,74,8,hypo_siscowet,-20.494118125,0.02857142857142857,0.02857142857142857,51.4982875,31.004169375000004
DMR_213,NW_024059827.1,5426,8765,3339,92,hypo_siscowet,-21.517004076086955,0.02858044617598195,0.02857142857142857,49.24114592391303,27.724141847826093
DMR_214,NW_024059827.1,26857,27171,314,5,hypo_siscowet,-30.533155,0.028737352495210783,0.02857142857142857,70.028905,39.49575
DMR_215,NW_024059863.1,78024,78228,204,6,hypo_siscowet,-49.2877525,0.028709698507913748,0.02857142857142857,57.515037500000005,8.227285
DMR_216,NW_024059896.1,296205,296266,61,3,hypo_siscowet,-20.40255833333333,0.04974599072150299,0.04974599072150299,47.34003333333333,26.937475000000003
DMR_217,NW_024059900.1,21042,22372,1330,32,hypo_siscowet,-30.556278125000002,0.028623279797610514,0.02857142857142857,59.419583593750005,28.86330546875
DMR_218,NW_024059900.1,23284,25019,1735,35,hypo_siscowet,-25.8486065,0.029223822896797046,0.02857142857142857,49.74284500000001,23.894238500000004
DMR_219,NW_024059900.1,25383,25511,128,8,hypo_siscowet,-20.370433125,0.028675131023792454,0.02857142857142857,48.575871875,28.20543875
DMR_220,NW_024059900.1,27643,27660,17,4,hypo_siscowet,-18.596537499999997,0.028778833476156337,0.02857142857142857,84.2469625,65.65042500000001
DMR_221,NW_024059907.1,14850,14906,56,3,hypo_siscowet,-17.781724999999998,0.03306975644987932,0.02857142857142857,85.133025,67.3513
DMR_222,NW_024059907.1,24317,24979,662,7,hypo_siscowet,-18.347416428571425,0.02868994565984444,0.02857142857142857,41.41328571428572,23.065869285714285
DMR_223,NW_024059907.1,25449,26579,1130,23,hypo_siscowet,-22.997252173913047,0.029194237408570457,0.02857142857142857,52.928514130434785,29.931261956521734
DMR_224,NW_024059912.1,2749,3184,435,10,hypo_siscowet,-24.33550175,0.030003888896854902,0.02857142857142857,53.130489999999995,28.79498825
DMR_225,NW_024059912.1,3444,3629,185,3,hypo_siscowet,-23.01361583333333,0.02857142857142857,0.02857142857142857,62.4574,39.44378416666667
DMR_226,NW_024059927.1,6171,6455,284,6,hypo_siscowet,-18.331758333333333,0.030820592510653947,0.02857142857142857,66.64778333333334,48.316024999999996
DMR_227,NW_024059927.1,8112,8181,69,5,hypo_siscowet,-21.911595,0.02857142857142857,0.02857142857142857,62.22579499999999,40.31420000000001
DMR_228,NW_024059973.1,10191,10476,285,3,hypo_siscowet,-21.493283333333334,0.028847968444398926,0.02857142857142857,70.82336666666667,49.330083333333334
DMR_229,NW_024059973.1,11237,11359,122,3,hypo_siscowet,-22.50463333333333,0.02857142857142857,0.02857142857142857,74.38003333333334,51.875400000000006
DMR_230,NW_024060001.1,4637,5128,491,9,hypo_siscowet,-17.613658333333337,0.028571428571428567,0.02857142857142857,40.50782777777777,22.894169444444444
DMR_231,NW_024060001.1,5406,6407,1001,14,hypo_siscowet,-18.58438107142857,0.028571428571428574,0.02857142857142857,43.35096071428571,24.76657964285715
DMR_232,NW_024060008.1,598095,599301,1206,26,hypo_siscowet,-22.37698971153846,0.028478986682366498,0.026518721959430728,30.44890875,8.071919038461537
DMR_233,NW_024060070.1,21504,25732,4228,94,hypo_siscowet,-32.029192367021274,0.028714992227123804,0.02857142857142857,58.3291454787234,26.299953111702123
DMR_234,NW_024060071.1,1403,1562,159,4,hypo_siscowet,-25.588101249999998,0.02857142857142857,0.02857142857142857,44.13194374999999,18.5438425
DMR_235,NW_024060071.1,2032,2944,912,17,hypo_siscowet,-25.31439441176471,0.02857142857142857,0.02857142857142857,45.57858235294117,20.26418794117647
DMR_236,NW_024060071.1,3263,3423,160,4,hypo_siscowet,-25.5593375,0.02857142857142857,0.02857142857142857,49.76263125,24.20329375
DMR_237,NW_024060071.1,4083,4197,114,3,hypo_siscowet,-18.6239925,0.02857142857142857,0.02857142857142857,29.01354166666667,10.389549166666667
DMR_238,NW_024060071.1,4889,5090,201,3,hypo_siscowet,-25.254380833333332,0.02857142857142857,0.02857142857142857,41.588741666666664,16.33436083333333
DMR_239,NW_024060071.1,5416,5580,164,5,hypo_siscowet,-25.599084999999995,0.02857142857142857,0.02857142857142857,46.938480000000006,21.339394999999996
DMR_240,NW_024060071.1,7559,8004,445,15,hypo_siscowet,-21.033398333333334,0.028626736546022647,0.02857142857142857,72.06661333333334,51.033215000000006
DMR_241,NW_024060093.1,19307,19738,431,9,hypo_siscowet,-19.575000000000003,0.028663608529085356,0.02857142857142857,94.23223888888889,74.65723888888891
DMR_242,NW_024060233.1,7533,7592,59,5,hypo_siscowet,-20.696389999999997,0.02857142857142857,0.02857142857142857,50.128285000000005,29.431894999999997
DMR_243,NW_024060266.1,3196,3440,244,4,hypo_siscowet,-18.606312499999998,0.02857142857142857,0.02857142857142857,66.89565625,48.28934375
DMR_244,NW_024060266.1,4360,6371,2011,33,hypo_siscowet,-17.78302803030303,0.02857142857142857,0.02857142857142857,42.805049242424246,25.022021212121214
DMR_245,NW_024060266.1,9239,9687,448,12,hypo_siscowet,-22.065737916666663,0.028640563539671163,0.02857142857142857,75.6960625,53.63032458333333
DMR_246,NW_024060346.1,5150,5516,366,6,hypo_siscowet,-22.651525000000003,0.02857142857142857,0.02857142857142857,44.091208333333334,21.439683333333335
DMR_247,NW_024060346.1,6855,6983,128,5,hypo_siscowet,-21.434257,0.02857142857142857,0.02857142857142857,42.05621,20.621952999999998
DMR_248,NW_024060346.1,9310,9824,514,9,hypo_siscowet,-21.982878333333332,0.030070871197578824,0.02857142857142857,47.369952777777776,25.387074444444444
DMR_249,NW_024060346.1,10182,10812,630,9,hypo_siscowet,-21.833751666666668,0.028571428571428567,0.02857142857142857,45.11685277777778,23.28310111111111
DMR_250,NW_024060346.1,12142,12384,242,9,hypo_siscowet,-19.059897222222222,0.028571428571428567,0.02857142857142857,63.63388055555556,44.57398333333333
DMR_251,NW_024060355.1,2479,2510,31,4,hypo_siscowet,-21.674603750000003,0.02857142857142857,0.02857142857142857,40.34723125,18.672627499999997
DMR_252,NW_024060355.1,4051,6957,2906,73,hypo_siscowet,-21.373174760273976,0.028571428571428574,0.02857142857142857,44.6435743150685,23.270399554794523
DMR_253,NW_024060355.1,7209,7713,504,10,hypo_siscowet,-16.631634999999996,0.02857142857142857,0.02857142857142857,39.823879999999996,23.192244999999996
DMR_254,NW_024060355.1,8341,8487,146,5,hypo_siscowet,-19.116989999999998,0.02857142857142857,0.02857142857142857,68.495345,49.378355
DMR_255,NW_024060408.1,182130,182630,500,14,hypo_siscowet,-25.06804755952381,0.04192729629755528,0.03191120476963876,26.803089523809525,1.7350419642857144
DMR_256,NW_024060452.1,394875,395076,201,7,hypo_siscowet,-56.05964166666667,0.0441879366259137,0.041586341232186144,99.68253809523809,43.62289642857142
DMR_257,NW_024060549.1,20502,20769,267,13,hypo_siscowet,-21.738360769230773,0.029800954916973606,0.02857142857142857,65.65473461538463,43.91637384615386
DMR_258,NW_024060549.1,21022,21279,257,4,hypo_siscowet,-26.6583125,0.02877883347615634,0.02857142857142857,61.441175,34.78286250000001
DMR_259,NW_024060676.1,18573,19107,534,10,hypo_siscowet,-27.101555,0.02857142857142857,0.02857142857142857,54.12150750000001,27.0199525
DMR_260,NW_024060676.1,19472,21674,2202,41,hypo_siscowet,-33.80537195121951,0.029148585181350703,0.02857142857142857,57.146081707317066,23.34070975609756
DMR_261,NW_024060731.1,16717,18047,1330,29,hypo_siscowet,-24.20990775862069,0.028571428571428574,0.02857142857142857,45.622266379310354,21.412358620689655
DMR_262,NW_024060761.1,15386,15618,232,6,hypo_siscowet,-21.910716666666662,0.028709698507913748,0.02857142857142857,53.79475,31.88403333333333
DMR_263,NW_024061101.1,191507,191554,47,7,hypo_siscowet,-18.28364285714286,0.028571428571428574,0.02857142857142857,92.43496071428571,74.15131785714287
DMR_264,NW_024061101.1,194291,194358,67,3,hypo_siscowet,-21.288225,0.028847968444398926,0.02857142857142857,88.75479166666666,67.46656666666668
DMR_265,NW_024061118.1,59550,59653,103,5,hypo_siscowet,-28.210783999999997,0.028737352495210783,0.02857142857142857,45.889199999999995,17.678416000000002
DMR_266,NW_024061118.1,60128,60369,241,6,hypo_siscowet,-29.731499027777783,0.032377062136078,0.02857142857142857,44.940444444444445,15.208945416666667
DMR_267,NW_024061127.1,69354,69509,155,4,hypo_siscowet,-23.328924375,0.02857142857142857,0.02857142857142857,40.2027,16.873775625
DMR_268,NW_024061198.1,534803,535037,234,3,hypo_siscowet,-21.09786944444444,0.040914561265794666,0.029401048190339642,53.29918333333333,32.2013138888889
DMR_269,NW_024061198.1,551644,551724,80,4,hyper_siscowet,20.00893875,0.03866372214175569,0.029401048190339642,1.5929912499999999,21.60193
DMR_270,NW_024061222.1,130141,130505,364,10,hypo_siscowet,-22.423456499999997,0.030688884786436017,0.02857142857142857,56.800935,34.377478499999995
DMR_271,NW_024061248.1,161990,162206,216,5,hypo_siscowet,-17.336684999999996,0.02857142857142857,0.02857142857142857,59.764575,42.42789
DMR_272,NW_024061264.1,125117,125310,193,4,hypo_siscowet,-21.681629374999996,0.02857142857142857,0.02857142857142857,63.177187499999995,41.495558125
DMR_273,NW_024061264.1,125596,125748,152,4,hypo_siscowet,-22.68858375,0.02857142857142857,0.02857142857142857,37.155156250000005,14.466572500000002
DMR_274,NW_024061264.1,486679,486989,310,9,hypo_siscowet,-36.22973944444445,0.028663608529085356,0.02857142857142857,58.84379722222223,22.614057777777777
DMR_275,NW_024061264.1,531456,531534,78,3,hypo_siscowet,-23.18305833333333,0.028847968444398926,0.02857142857142857,66.13908333333333,42.956025000000004
DMR_276,NW_024061297.1,40611,40797,186,5,hypo_siscowet,-22.039709,0.04974599072150299,0.04974599072150299,26.269299999999998,4.229591000000001
DMR_277,NW_024061297.1,130806,131115,309,3,hypo_siscowet,-18.38414638888889,0.040127943833237464,0.02857142857142857,29.194122222222223,10.809975833333333
DMR_278,NW_024061297.1,470741,470867,126,3,hypo_siscowet,-30.241730555555566,0.03385637388243652,0.02857142857142857,65.73365000000001,35.49191944444444
DMR_279,NW_024061297.1,471377,471803,426,4,hypo_siscowet,-34.034612499999994,0.028778833476156337,0.02857142857142857,76.96841875,42.93380625
DMR_280,NW_024061301.1,106321,106404,83,4,hypo_siscowet,-24.723868750000005,0.02857142857142857,0.02857142857142857,69.84646875,45.12259999999999
DMR_281,NW_024061301.1,117034,117350,316,4,hypo_siscowet,-20.91581875,0.02857142857142857,0.02857142857142857,56.016568750000005,35.10075
DMR_282,NW_024061304.1,3660,4021,361,11,hyper_siscowet,27.79355681818182,0.028646848536784123,0.02857142857142857,37.28746363636364,65.08102045454545
DMR_283,NW_024061316.1,32724,32777,53,3,hypo_siscowet,-17.143433333333334,0.02857142857142857,0.02857142857142857,27.520725,10.377291666666666
DMR_284,NW_024061316.1,34513,34596,83,3,hypo_siscowet,-29.62109083333333,0.03306975644987932,0.02857142857142857,53.61450833333333,23.993417500000003
DMR_285,NW_024061319.1,8327,8398,71,3,hypo_siscowet,-19.09639166666667,0.02857142857142857,0.02857142857142857,59.60751666666667,40.511125
DMR_286,NW_024061370.1,7787,7815,28,3,hypo_siscowet,-20.34345833333333,0.02857142857142857,0.02857142857142857,34.105441666666664,13.761983333333333
DMR_287,NW_024061370.1,8540,8654,114,4,hypo_siscowet,-17.889811875,0.02857142857142857,0.02857142857142857,35.3553,17.465488125
DMR_288,NW_024061370.1,8925,9170,245,3,hypo_siscowet,-17.476031666666668,0.03306975644987933,0.02857142857142857,34.76140833333333,17.285376666666668
DMR_289,NW_024061370.1,11356,11515,159,5,hypo_siscowet,-22.7422095,0.02857142857142857,0.02857142857142857,37.62128,14.879070500000001
DMR_290,NW_024061370.1,12393,12715,322,5,hypo_siscowet,-21.411541500000002,0.02857142857142857,0.02857142857142857,40.114250000000006,18.7027085
DMR_291,NW_024061370.1,14131,14371,240,6,hypo_siscowet,-31.94401666666667,0.02857142857142857,0.02857142857142857,57.68835000000001,25.744333333333334
DMR_292,NW_024061372.1,53606,53802,196,3,hypo_siscowet,-40.014224999999996,0.02857142857142857,0.02857142857142857,79.00300833333334,38.98878333333334
DMR_293,NW_024061431.1,177470,177648,178,3,hypo_siscowet,-24.892283333333335,0.02857142857142857,0.02857142857142857,72.54693333333333,47.654650000000004
DMR_294,NW_024061431.1,177921,178438,517,10,hypo_siscowet,-32.90000174999999,0.028737352495210783,0.02857142857142857,59.383062499999994,26.483060750000003
DMR_295,NW_024061475.1,154758,154787,29,3,hypo_siscowet,-22.749691666666667,0.03580635147493963,0.03191120476963876,23.058333333333334,0.30864166666666665
DMR_296,NW_024061514.1,102419,102634,215,11,hypo_siscowet,-20.321409090909096,0.028237859391495812,0.026518721959430728,96.37443181818183,76.05302272727273
DMR_297,NW_024061514.1,102972,103656,684,10,hypo_siscowet,-19.707840000000004,0.029798618235655123,0.026518721959430728,91.491545,71.78370500000001
DMR_298,NW_024061529.1,52664,53153,489,8,hypo_siscowet,-21.467618125,0.027224347066161753,0.021070570134378658,40.8709603125,19.4033421875
DMR_299,NW_024061530.1,994542,994686,144,6,hyper_siscowet,17.22753333333333,0.028709698507913748,0.02857142857142857,75.64496666666666,92.87249999999999
DMR_300,NW_024061621.1,28126,28611,485,4,hypo_siscowet,-21.589206666666666,0.049229018825132705,0.04767810313602185,31.423366666666666,9.834159999999999
DMR_301,NW_024061636.1,71462,71617,155,3,hypo_siscowet,-17.787816666666668,0.042926543667756285,0.041586341232186144,100.0,82.21218333333333
DMR_302,NW_024061675.1,167274,167582,308,7,hypo_siscowet,-27.26727392857143,0.02916401401350791,0.02857142857142857,32.21353214285714,4.946258214285714
